brand_name,active_ingredient,generic_name,use_case,side_effects,price,manufacturer,precautions,strength,dosage_form,is_otc,schedule,age_group,interactions,contraindications,hindi_name
Aceclo 100,Aceclofenac,Aceclofenac,Pain and inflammation,Gastric irritation,52.0,Aristo,Avoid alcohol,100 mg,Tablet,False,H,adult,Avoid with active ulcers/anticoagulants; take with food.,"Active GI bleed, severe ulcer disease, hypersensitivity.",
Hifenac 100,Aceclofenac,Aceclofenac,Pain and osteoarthritis,Stomach discomfort; Rash,55.0,Intas,Take after meals,100 mg,Tablet,False,H,adult,Avoid with active ulcers/anticoagulants; take with food.,"Active GI bleed, severe ulcer disease, hypersensitivity.",
Acyclovir 400,Acyclovir,Acyclovir,Herpes infections,Nausea; Diarrhea; Headache,45.0,Generic,Start at first symptoms,400 mg,Tablet,False,H,adult,Consult your doctor; check for interactions.,Contraindications depend on patient condition; seek medical advice.,
Zovirax 400,Acyclovir,Acyclovir,Herpes infections,Kidney effects with high doses,85.0,GlaxoSmithKline,Stay well hydrated,400 mg,Tablet,False,H,adult,Consult your doctor; check for interactions.,Contraindications depend on patient condition; seek medical advice.,
Adaferin-BPO Gel,Adapalene + Benzoyl Peroxide,Adapalene + Benzoyl Peroxide,Acne topical treatment,Skin irritation; Dryness,195.0,Galenic Labs,Apply at night; Sunscreen in day,Unknown,Gel,False,H,adult,Consult your doctor; check for interactions.,Contraindications depend on patient condition; seek medical advice.,
Alprazolam 0.5,Alprazolam,Alprazolam,Anxiety and panic disorders,Drowsiness; Dizziness; Memory problems,25.0,Generic,Habit forming - use as prescribed,0.5 mg,Tablet,False,H,adult,Consult your doctor; check for interactions.,Contraindications depend on patient condition; seek medical advice.,
Alprax 0.5,Alprazolam,Alprazolam,Anxiety and panic disorders,Sedation; Confusion,28.5,Sun Pharmaceutical,Avoid alcohol,0.5 mg,Tablet,False,H,adult,Consult your doctor; check for interactions.,Contraindications depend on patient condition; seek medical advice.,
Xanax 0.5,Alprazolam,Alprazolam,Anxiety and panic disorders,Dependence; Withdrawal symptoms,65.0,Pfizer,Do not drive after taking,0.5 mg,Tablet,False,H,adult,Consult your doctor; check for interactions.,Contraindications depend on patient condition; seek medical advice.,
Amitone 10,Amitriptyline,Amitriptyline,Chronic pain; Depression,Drowsiness; Dry mouth,32.0,Intas,Bedtime dosing,10 mg,Tablet,False,H,adult,Risk of serotonin syndrome with MAOIs/Triptans.,MAOI use within 14 days.,
Amlodipine 5mg,Amlodipine,Amlodipine,High blood pressure,Swelling; Headache; Flushing,18.0,Generic,Take same time daily,5MG,Tablet,False,H,adult,Consult your doctor; check for interactions.,Contraindications depend on patient condition; seek medical advice.,एमलोडिपाइन
Amlong 5,Amlodipine,Amlodipine,High blood pressure,Ankle swelling; Fatigue,22.0,Micro Labs,Regular BP monitoring needed,5 mg,Tablet,False,H,adult,Consult your doctor; check for interactions.,Contraindications depend on patient condition; seek medical advice.,एमलोडिपाइन
Norvasc 5mg,Amlodipine,Amlodipine,High blood pressure,Dizziness; Palpitations,28.0,Pfizer,Do not stop suddenly,5MG,Tablet,False,H,adult,Consult your doctor; check for interactions.,Contraindications depend on patient condition; seek medical advice.,एमलोडिपाइन
Mox 500,Amoxicillin,Amoxicillin,Bacterial infections,Allergic reactions; Diarrhea,65.0,Sun Pharmaceutical,Inform doctor if allergic to penicillin,500 mg,Tablet,False,H,adult,May reduce effectiveness of oral contraceptives; report rashes.,Hypersensitivity to penicillins.,एमोक्सीसिलिन
Augmentin 375,Amoxicillin + Clavulanic Acid,Amoxicillin + Clavulanic Acid,Bacterial infections,Diarrhea; Rash,110.0,GlaxoSmithKline,Take with meals,375 mg,Tablet,False,H,adult,GI upset common; take with food; watch for allergic reactions.,History of cholestatic jaundice/hepatic dysfunction with augmentin use.,
Clavam 625,Amoxicillin + Clavulanic Acid,Amoxicillin + Clavulanic Acid,Bacterial infections,Stomach upset; Diarrhea,125.0,Alkem Laboratories,Take with food,625 mg,Tablet,False,H,adult,GI upset common; take with food; watch for allergic reactions.,History of cholestatic jaundice/hepatic dysfunction with augmentin use.,
Moxclav 625,Amoxicillin + Clavulanic Acid,Amoxicillin + Clavulanic Acid,Skin/Resp infections,Diarrhea; Fatigue,128.0,Sun Pharmaceutical,Complete the course,625 mg,Tablet,False,H,adult,GI upset common; take with food; watch for allergic reactions.,History of cholestatic jaundice/hepatic dysfunction with augmentin use.,
Augmentin DS Dry Syrup,Amoxicillin + Clavulanic Acid,Amoxicillin + Clavulanic Acid,Bacterial infections (pediatric),Diarrhea; Rash,130.0,Generic,Reconstitute and refrigerate; complete full course,125/31.25 mg per 5 ml,Suspension,False,H,pediatric,GI upset common; take with food; watch for allergic reactions.,History of cholestatic jaundice/hepatic dysfunction with augmentin use.,एमोक्सीसिलिन + क्लेवुलैनिक एसिड
Clavam DS Dry Syrup,Amoxicillin + Clavulanic Acid,Amoxicillin + Clavulanic Acid,Bacterial infections (pediatric),Diarrhea; Rash,130.0,Generic,Reconstitute and refrigerate; complete full course,125/31.25 mg per 5 ml,Suspension,False,H,pediatric,GI upset common; take with food; watch for allergic reactions.,History of cholestatic jaundice/hepatic dysfunction with augmentin use.,एमोक्सीसिलिन + क्लेवुलैनिक एसिड
Moxclav DS Dry Syrup,Amoxicillin + Clavulanic Acid,Amoxicillin + Clavulanic Acid,Bacterial infections (pediatric),Diarrhea; Rash,130.0,Generic,Reconstitute and refrigerate; complete full course,125/31.25 mg per 5 ml,Suspension,False,H,pediatric,GI upset common; take with food; watch for allergic reactions.,History of cholestatic jaundice/hepatic dysfunction with augmentin use.,एमोक्सीसिलिन + क्लेवुलैनिक एसिड
Augmentin 625,Amoxicillin + Clavulanic Acid,Amoxicillin + Clavulanic Acid,Bacterial infections,Diarrhea; Nausea; Rash,135.0,GlaxoSmithKline,Complete full course even if feeling better,625 mg,Tablet,False,H,adult,GI upset common; take with food; watch for allergic reactions.,History of cholestatic jaundice/hepatic dysfunction with augmentin use.,
Aspent 75,Aspirin,Aspirin,Antiplatelet therapy,Bleeding risk,7.2,Alkem Laboratories,Take with food,75 mg,Tablet,False,H,adult,Consult your doctor; check for interactions.,Contraindications depend on patient condition; seek medical advice.,
Ecosprin 75,Aspirin,Aspirin,Heart attack prevention,Bleeding; Stomach issues,8.5,USV Limited,Daily use as prescribed by doctor,75 mg,Tablet,False,H,adult,Consult your doctor; check for interactions.,Contraindications depend on patient condition; seek medical advice.,
Disprin,Aspirin,Aspirin,Pain relief and blood thinner,Stomach upset; Bleeding,15.0,Reckitt Benckiser,Avoid if allergic to aspirin,Unknown,Tablet,False,H,adult,Consult your doctor; check for interactions.,Contraindications depend on patient condition; seek medical advice.,
Ecosprin AV 75/10,Aspirin + Atorvastatin,Aspirin + Atorvastatin,Heart protection + cholesterol,Bleeding; Muscle pain,95.0,USV Limited,Take with food,75 mg,Tablet,False,H,adult,Avoid grapefruit; risk of myopathy with some antibiotics.,"Active liver disease, pregnancy.",
Atorva ASP 75/10,Aspirin + Atorvastatin,Aspirin + Atorvastatin,Cardio protection,Dyspepsia; Muscle pain,102.0,Zydus,Monitor for bleeding,75 mg,Tablet,False,H,adult,Avoid grapefruit; risk of myopathy with some antibiotics.,"Active liver disease, pregnancy.",
Atenolol 50,Atenolol,Atenolol,High blood pressure and heart conditions,Fatigue; Cold extremities,15.0,Generic,Do not stop abruptly,50 mg,Tablet,False,H,adult,Avoid in pregnancy; monitor potassium and renal function.,"Pregnancy, history of angioedema.",
Aten-AM,Atenolol + Amlodipine,Atenolol + Amlodipine,Hypertension combo,Fatigue; Swelling,82.0,Intas,Do not stop suddenly,Unknown,Tablet,False,H,adult,Avoid in pregnancy; monitor potassium and renal function.,"Pregnancy, history of angioedema.",
Atorvastatin 10,Atorvastatin,Atorvastatin,High cholesterol,Muscle pain; Liver enzyme elevation,42.0,Generic,Regular lipid profile needed,10 mg,Tablet,False,H,adult,Avoid grapefruit; risk of myopathy with some antibiotics.,"Active liver disease, pregnancy.",
Atorva 10,Atorvastatin,Atorvastatin,High cholesterol,Headache; Nausea,48.0,Zydus Cadila,Take at night,10 mg,Tablet,False,H,adult,Avoid grapefruit; risk of myopathy with some antibiotics.,"Active liver disease, pregnancy.",
Lipitor 10,Atorvastatin,Atorvastatin,High cholesterol,Muscle weakness; Digestive issues,85.0,Pfizer,Avoid grapefruit juice,10 mg,Tablet,False,H,adult,Avoid grapefruit; risk of myopathy with some antibiotics.,"Active liver disease, pregnancy.",
Atorlip EZ 10/10,Atorvastatin + Ezetimibe,Atorvastatin + Ezetimibe,High cholesterol,Muscle pain; Diarrhea,165.0,Sun Pharmaceutical,Check liver enzymes periodically,10 mg,Tablet,False,H,adult,Avoid grapefruit; risk of myopathy with some antibiotics.,"Active liver disease, pregnancy.",
Azincure 500,Azithromycin,Azithromycin,Respiratory infections,Diarrhea; Nausea,82.0,Intas,Take once daily,500 mg,Tablet,False,H1,adult,QT prolongation risk with other QT-prolonging drugs.,Known QT prolongation; severe hepatic impairment.,एज़िथ्रोमाइसिन
Azee 500,Azithromycin,Azithromycin,Bacterial infections,Nausea; Vomiting,88.0,Cipla,Take on empty stomach,500 mg,Tablet,False,H1,adult,QT prolongation risk with other QT-prolonging drugs.,Known QT prolongation; severe hepatic impairment.,एज़िथ्रोमाइसिन
AZM Kid,Azithromycin,Azithromycin,Bacterial infections (pediatric),Nausea; Diarrhea,95.0,Generic,Dose once daily; complete course,100 mg/5 ml,Suspension,False,H1,pediatric,QT prolongation risk with other QT-prolonging drugs.,Known QT prolongation; severe hepatic impairment.,एज़िथ्रोमाइसिन
Azee Suspension,Azithromycin,Azithromycin,Bacterial infections (pediatric),Nausea; Diarrhea,95.0,Generic,Dose once daily; complete course,100 mg/5 ml,Suspension,False,H1,pediatric,QT prolongation risk with other QT-prolonging drugs.,Known QT prolongation; severe hepatic impairment.,एज़िथ्रोमाइसिन
Azithral 500,Azithromycin,Azithromycin,Bacterial infections,Diarrhea; Nausea; Stomach pain,95.0,Alembic Pharmaceuticals,Complete full course,500 mg,Tablet,False,H1,adult,QT prolongation risk with other QT-prolonging drugs.,Known QT prolongation; severe hepatic impairment.,एज़िथ्रोमाइसिन
Azithral Liquid,Azithromycin,Azithromycin,Bacterial infections (pediatric),Nausea; Diarrhea,95.0,Generic,Dose once daily; complete course,100 mg/5 ml,Suspension,False,H1,pediatric,QT prolongation risk with other QT-prolonging drugs.,Known QT prolongation; severe hepatic impairment.,एज़िथ्रोमाइसिन
Zithromax,Azithromycin,Azithromycin,Bacterial infections,Stomach upset; Diarrhea,105.0,Pfizer,Do not skip doses,Unknown,Tablet,False,H1,adult,QT prolongation risk with other QT-prolonging drugs.,Known QT prolongation; severe hepatic impairment.,एज़िथ्रोमाइसिन
Neurobion Forte,B1+B6+B12,B1+B6+B12,B vitamin deficiency,Nausea (rare),38.0,Merck,Daily once after meals,Unknown,Tablet,False,H,adult,Consult your doctor; check for interactions.,Contraindications depend on patient condition; seek medical advice.,
Vertin 16,Betahistine,Betahistine,Vertigo; Meniere's disease,Stomach upset; Headache,85.0,Abbott,Take with meals,16 mg,Tablet,False,H,adult,Consult your doctor; check for interactions.,Contraindications depend on patient condition; seek medical advice.,
Betnesol 0.5,Betamethasone,Betamethasone,Severe allergies and inflammation,Fluid retention; High BP,15.0,GlaxoSmithKline,Short-term use preferred,0.5 mg,Tablet,False,H,adult,Consult your doctor; check for interactions.,Contraindications depend on patient condition; seek medical advice.,
Betnovate Cream,Betamethasone,Betamethasone,Skin conditions,Local skin reactions,85.0,GlaxoSmithKline,Not for face without prescription,Unknown,Cream,False,H,adult,Consult your doctor; check for interactions.,Contraindications depend on patient condition; seek medical advice.,
Concor 5,Bisoprolol,Bisoprolol,Hypertension; Heart failure,Fatigue; Cold extremities,78.0,Merck,Monitor heart rate,5 mg,Tablet,False,H,adult,Avoid in pregnancy; monitor potassium and renal function.,"Pregnancy, history of angioedema.",
Budecort 100,Budesonide,Budesonide,Asthma maintenance,Oral thrush; Hoarseness,245.0,Cipla,Rinse mouth after use,100 mcg,Inhaler,False,H,both,Rinse mouth after use to prevent thrush; minimal systemic interactions.,Untreated oral fungal infections.,बुडे़सोनाइड
Budesonide Inhaler,Budesonide,Budesonide,Asthma maintenance,Oral thrush; Hoarseness,245.0,Generic,Rinse mouth after every use,Unknown,Inhaler,False,H,both,Rinse mouth after use to prevent thrush; minimal systemic interactions.,Untreated oral fungal infections.,बुडे़सोनाइड
Budecort Inhaler,Budesonide,Budesonide,Asthma maintenance,Throat irritation; Cough,265.0,Cipla,Regular use needed for effectiveness,Unknown,Inhaler,False,H,both,Rinse mouth after use to prevent thrush; minimal systemic interactions.,Untreated oral fungal infections.,बुडे़सोनाइड
Budecort 200,Budesonide,Budesonide,Asthma maintenance,Oral thrush; Hoarseness,295.0,Cipla,Rinse mouth after use,200 mcg,Inhaler,False,H,both,Rinse mouth after use to prevent thrush; minimal systemic interactions.,Untreated oral fungal infections.,बुडे़सोनाइड
Caladryl Lotion,Calamine + Diphenhydramine,Calamine + Diphenhydramine,Skin itching; Rashes,Dryness; Pink stain,75.0,Pfizer,External use only,Unknown,Lotion,True,OTC,adult,Consult your doctor; check for interactions.,Contraindications depend on patient condition; seek medical advice.,
Calcimax 500,Calcium + Vitamin D3,Calcium Carbonate + Cholecalciferol,Bone health,Constipation; Gas,58.0,Mead Johnson,Take with meals,500 IU,Tablet,False,H,adult,Consult your doctor; check for interactions.,Contraindications depend on patient condition; seek medical advice.,
Shelcal HD,Calcium + Vitamin D3,Calcium Carbonate + Cholecalciferol,Bone health in elderly,Constipation; Bloating,88.0,Elder Pharma,Adequate water intake,Unknown,Tablet,False,H,adult,Consult your doctor; check for interactions.,Contraindications depend on patient condition; seek medical advice.,
Calcium Carbonate 500,Calcium Carbonate,Calcium Carbonate,Calcium deficiency,Constipation; Bloating,35.0,Generic,Take with food,500 IU,Tablet,True,OTC,adult,Consult your doctor; check for interactions.,Contraindications depend on patient condition; seek medical advice.,
Shelcal 500,Calcium Carbonate + Vitamin D3,Calcium + D3,Bone health,Constipation; Gas,48.0,Elder Pharma,Adequate water intake needed,500 IU,Tablet,False,H,adult,Consult your doctor; check for interactions.,Contraindications depend on patient condition; seek medical advice.,
Calcium Sandoz,Calcium Lactate Gluconate,Calcium Lactate Gluconate,Calcium supplementation,Stomach upset,95.0,Novartis,Dissolve in water,Unknown,Tablet,False,H,adult,Consult your doctor; check for interactions.,Contraindications depend on patient condition; seek medical advice.,
Carloc 6.25,Carvedilol,Carvedilol,Hypertension; Heart failure,Dizziness; Hypotension,66.0,Cipla,Take with food,6.25 mg,Tablet,False,H,adult,Avoid in pregnancy; monitor potassium and renal function.,"Pregnancy, history of angioedema.",
Taxim-O 200,Cefixime,Cefixime,Respiratory/UTI infections,Diarrhea; Rash,145.0,Alkem,Complete full course,200 mg,Tablet,False,H1,adult,Consult your doctor; check for interactions.,Contraindications depend on patient condition; seek medical advice.,सेफिक्सिम
Zifi 200,Cefixime,Cefixime,Bacterial infections,Diarrhea; Nausea,165.0,FDC,Complete full course,200 mg,Tablet,False,H1,adult,Consult your doctor; check for interactions.,Contraindications depend on patient condition; seek medical advice.,सेफिक्सिम
Suprax 200,Cefixime,Cefixime,Bacterial infections,Stomach upset; Headache,175.0,Lupin,Take with/without food,200 mg,Tablet,False,H1,adult,Consult your doctor; check for interactions.,Contraindications depend on patient condition; seek medical advice.,सेफिक्सिम
Cefodox Dry Syrup,Cefpodoxime,Cefpodoxime,Bacterial infections (pediatric),Diarrhea; Abdominal pain,155.0,Generic,Give with food,50 mg/5 ml,Suspension,False,H1,pediatric,Reduced absorption with antacids; take with food.,Hypersensitivity to cephalosporins.,सेफपोडोक्सिम
Cefoprox Suspension,Cefpodoxime,Cefpodoxime,Bacterial infections (pediatric),Diarrhea; Abdominal pain,155.0,Generic,Give with food,50 mg/5 ml,Suspension,False,H1,pediatric,Reduced absorption with antacids; take with food.,Hypersensitivity to cephalosporins.,सेफपोडोक्सिम
Cefpod DS,Cefpodoxime,Cefpodoxime,Bacterial infections (pediatric),Diarrhea; Abdominal pain,155.0,Generic,Give with food,50 mg/5 ml,Suspension,False,H1,pediatric,Reduced absorption with antacids; take with food.,Hypersensitivity to cephalosporins.,सेफपोडोक्सिम
Cefoprox 200,Cefpodoxime,Cefpodoxime,Respiratory infections,Diarrhea; Flatulence,190.0,Cipla,Take with food,200 mg,Tablet,False,H1,adult,Reduced absorption with antacids; take with food.,Hypersensitivity to cephalosporins.,सेफपोडोक्सिम
Cefodox 200,Cefpodoxime,Cefpodoxime,ENT/Respiratory infections,Nausea; Abdominal pain,210.0,Lupin,Maintain hydration,200 mg,Tablet,False,H1,adult,Reduced absorption with antacids; take with food.,Hypersensitivity to cephalosporins.,सेफपोडोक्सिम
Ceftum 500,Cefuroxime,Cefuroxime,Respiratory infections,Diarrhea; Nausea,250.0,GlaxoSmithKline,Take after meals if nauseous,500 mg,Tablet,False,H1,adult,Consult your doctor; check for interactions.,Contraindications depend on patient condition; seek medical advice.,
Zinnat 500,Cefuroxime,Cefuroxime,Sinusitis; Pneumonia,Stomach pain; Rash,265.0,Abbott,Complete course,500 mg,Tablet,False,H1,adult,Consult your doctor; check for interactions.,Contraindications depend on patient condition; seek medical advice.,
Cetirizine 10,Cetirizine,Cetirizine,Allergies and hay fever,Drowsiness; Dry mouth,15.0,Generic,Non-drowsy for most people,10 mg,Tablet,True,OTC,adult,Consult your doctor; check for interactions.,Contraindications depend on patient condition; seek medical advice.,सेटिरीज़ीन
Cetrine 10,Cetirizine,Cetirizine,Allergies and hay fever,Minimal drowsiness,18.0,Cipla,Safe for long-term use,10 mg,Tablet,True,OTC,adult,Consult your doctor; check for interactions.,Contraindications depend on patient condition; seek medical advice.,सेटिरीज़ीन
Zyrtec 10,Cetirizine,Cetirizine,Allergies and hay fever,Fatigue; Headache,45.0,GlaxoSmithKline,Once daily dosing,10 mg,Tablet,True,OTC,adult,Consult your doctor; check for interactions.,Contraindications depend on patient condition; seek medical advice.,सेटिरीज़ीन
Vitamin D3 60K,Cholecalciferol,Cholecalciferol,Vitamin D deficiency,Rare at recommended doses,45.0,Generic,Weekly or monthly dose,"60,000 IU",Tablet,True,OTC,adult,Consult your doctor; check for interactions.,Contraindications depend on patient condition; seek medical advice.,
Uprise D3,Cholecalciferol,Cholecalciferol,Vitamin D deficiency,Constipation (rare),52.0,Alkem Laboratories,Take with fatty meal,Unknown,Tablet,True,OTC,adult,Consult your doctor; check for interactions.,Contraindications depend on patient condition; seek medical advice.,
Uprise D3 60K,Cholecalciferol,Cholecalciferol,Vitamin D deficiency,Rare side effects,78.0,Alkem,Once weekly dose,"60,000 IU",Tablet,True,OTC,adult,Consult your doctor; check for interactions.,Contraindications depend on patient condition; seek medical advice.,
Zytee RB,Choline Salicylate + Lignocaine,Choline Salicylate + Lignocaine,Mouth ulcers pain relief,Local irritation (rare),68.0,Raptakos Brett,Apply after meals,Unknown,Tablet,True,OTC,adult,Consult your doctor; check for interactions.,Contraindications depend on patient condition; seek medical advice.,
Ciprofloxacin 500,Ciprofloxacin,Ciprofloxacin,Bacterial infections,Nausea; Dizziness; Tendon problems,45.0,Generic,Avoid dairy products,500 mg,Tablet,False,H1,adult,Risk of tendon rupture; avoid with steroids if possible.,History of tendinopathy with quinolones.,
Cifran 500,Ciprofloxacin,Ciprofloxacin,Bacterial infections,Stomach upset; Headache,52.0,Sun Pharmaceutical,Stay hydrated,500 mg,Tablet,False,H1,adult,Risk of tendon rupture; avoid with steroids if possible.,History of tendinopathy with quinolones.,
Tenovate Cream,Clobetasol,Clobetasol,Severe skin inflammation,Skin thinning; Irritation,85.0,GlaxoSmithKline,Short-term use only,Unknown,Cream,False,H,adult,Consult your doctor; check for interactions.,Contraindications depend on patient condition; seek medical advice.,
Clonazepam 0.5,Clonazepam,Clonazepam,Seizures and anxiety,Drowsiness; Dizziness,18.0,Generic,May cause dependence,0.5 mg,Tablet,False,H,adult,Consult your doctor; check for interactions.,Contraindications depend on patient condition; seek medical advice.,
Rivotril 0.5,Clonazepam,Clonazepam,Seizures and anxiety,Memory impairment; Fatigue,35.0,Roche,Gradual dose reduction needed,0.5 mg,Tablet,False,H,adult,Consult your doctor; check for interactions.,Contraindications depend on patient condition; seek medical advice.,
Clopidogrel 75,Clopidogrel,Clopidogrel,Blood clot prevention,Bleeding; Bruising,28.0,Generic,Report unusual bleeding,75 mg,Tablet,False,H,adult,Consult your doctor; check for interactions.,Contraindications depend on patient condition; seek medical advice.,
Deplatt 75,Clopidogrel,Clopidogrel,Blood clot prevention,Nosebleeds; Rash,32.0,Torrent Pharma,Avoid injuries,75 mg,Tablet,False,H,adult,Consult your doctor; check for interactions.,Contraindications depend on patient condition; seek medical advice.,
Plavix 75,Clopidogrel,Clopidogrel,Blood clot prevention,Stomach pain; Headache,145.0,Sanofi,Do not stop without consulting doctor,75 mg,Tablet,False,H,adult,Consult your doctor; check for interactions.,Contraindications depend on patient condition; seek medical advice.,
Clopilet A 75/75,Clopidogrel + Aspirin,Clopidogrel + Aspirin,Post-stent dual therapy,Bleeding risk; Gastritis,120.0,Sun Pharmaceutical,Use under medical supervision,75 mg,Tablet,False,H,adult,Consult your doctor; check for interactions.,Contraindications depend on patient condition; seek medical advice.,
Clotrimazole Cream,Clotrimazole,Clotrimazole,Fungal infections,Skin irritation; Burning,38.0,Generic,Apply twice daily,Unknown,Cream,False,H,adult,Consult your doctor; check for interactions.,Contraindications depend on patient condition; seek medical advice.,
Candid Cream,Clotrimazole,Clotrimazole,Fungal infections,Redness; Itching (initial),45.0,Glenmark,Complete full course,Unknown,Cream,False,H,adult,Consult your doctor; check for interactions.,Contraindications depend on patient condition; seek medical advice.,
Forxiga 10,Dapagliflozin,Dapagliflozin,Type 2 Diabetes,UTI; Increased urination,450.0,AstraZeneca,Maintain hydration,10 mg,Tablet,False,H,adult,Hold with contrast studies; avoid in severe renal impairment.,"Severe renal impairment, lactic acidosis risk.",
Ascoril LS,Dextromethorphan + Levosalbutamol + Ambroxol,Dextromethorphan combo,Wet cough with spasm,Restlessness; Nausea,110.0,Glenmark,Shake well before use,Unknown,Tablet,False,H,adult,Consult your doctor; check for interactions.,Contraindications depend on patient condition; seek medical advice.,
TusQ-Dx,Dextromethorphan + Phenylephrine + CPM,Dextromethorphan combo,Dry cough relief,Drowsiness; Palpitations,98.0,Blue Cross,Avoid in hypertension,Unknown,Tablet,False,H,adult,Consult your doctor; check for interactions.,Contraindications depend on patient condition; seek medical advice.,
Dicloran 50,Diclofenac,Diclofenac,Pain and inflammation,Nausea; Dizziness,28.0,Ipca,Use lowest effective dose,50 mg,Tablet,False,H,adult,Avoid with active ulcers/anticoagulants; take with food.,"Active GI bleed, severe ulcer disease, hypersensitivity.",
Voveran 50,Diclofenac,Diclofenac,Pain relief and inflammation,Stomach upset; Heartburn; Edema,32.0,Novartis,Take with food; Avoid in ulcers,50 mg,Tablet,False,H,adult,Avoid with active ulcers/anticoagulants; take with food.,"Active GI bleed, severe ulcer disease, hypersensitivity.",
Cyclopam,Dicyclomine + Paracetamol,Dicyclomine + Paracetamol,Abdominal cramps; Pain,Dry mouth; Drowsiness,52.0,Indoco,Do not exceed dose,Unknown,Tablet,False,H,adult,Consult your doctor; check for interactions.,Contraindications depend on patient condition; seek medical advice.,
Benadryl Cough Syrup,Diphenhydramine + Ammonium Chloride + Sodium Citrate,Diphenhydramine combo,Dry cough relief,Drowsiness; Dry mouth,95.0,Johnson & Johnson,Avoid driving after dose,Unknown,Syrup,False,H,pediatric,Consult your doctor; check for interactions.,Contraindications depend on patient condition; seek medical advice.,
Domstal 10,Domperidone,Domperidone,Nausea; Gastroparesis,Dry mouth; Dizziness,35.0,Torrent,Avoid in heart rhythm disorders,10 mg,Tablet,False,H,adult,Consult your doctor; check for interactions.,Contraindications depend on patient condition; seek medical advice.,
Doxt 100,Doxycycline,Doxycycline,Acne; Bacterial infections,Nausea; Sun sensitivity,58.0,Dr. Reddy's Laboratories,Take with water sitting up,100 mg,Tablet,False,H,adult,Consult your doctor; check for interactions.,Contraindications depend on patient condition; seek medical advice.,
Doxy-1 100,Doxycycline,Doxycycline,Bacterial infections,Photosensitivity; Stomach upset,62.0,Cipla,Avoid dairy/antacids,1 mg,Tablet,False,H,adult,Consult your doctor; check for interactions.,Contraindications depend on patient condition; seek medical advice.,
Drotaverine Hydrochloride,Drotaverine,Drotaverine,Abdominal spasm relief,Nausea; Headache,32.0,Various Generic Manufacturers,Consult doctor in pregnancy,Unknown,Tablet,False,H,adult,Consult your doctor; check for interactions.,Contraindications depend on patient condition; seek medical advice.,
Drotikind,Drotaverine,Drotaverine,Abdominal spasm relief,Nausea; Headache,35.0,Mankind Pharma,Consult doctor in pregnancy,Unknown,Tablet,False,H,adult,Consult your doctor; check for interactions.,Contraindications depend on patient condition; seek medical advice.,
Droverin,Drotaverine,Drotaverine,Abdominal spasm relief,Nausea; Headache,38.0,Alembic Pharmaceuticals,Consult doctor in pregnancy,Unknown,Tablet,False,H,adult,Consult your doctor; check for interactions.,Contraindications depend on patient condition; seek medical advice.,
Drotin,Drotaverine,Drotaverine,Abdominal spasm relief,Nausea; Headache,40.0,Abbott,Consult doctor in pregnancy,Unknown,Tablet,False,H,adult,Consult your doctor; check for interactions.,Contraindications depend on patient condition; seek medical advice.,
Duzela 30,Duloxetine,Duloxetine,Neuropathic pain; Depression,Nausea; Dry mouth,165.0,Sun Pharmaceutical,Do not stop abruptly,30 mg,Tablet,False,H,adult,Risk of serotonin syndrome with MAOIs/Triptans.,MAOI use within 14 days.,
Avodart 0.5,Dutasteride,Dutasteride,BPH management,Decreased libido; Dizziness,225.0,GlaxoSmithKline,Not for use in women/children,0.5 mg,Tablet,False,H,adult,Consult your doctor; check for interactions.,Contraindications depend on patient condition; seek medical advice.,
Jardiance 10,Empagliflozin,Empagliflozin,Type 2 Diabetes,Genital infections; Thirst,520.0,Boehringer Ingelheim,Monitor kidneys,10 mg,Tablet,False,H,adult,Hold with contrast studies; avoid in severe renal impairment.,"Severe renal impairment, lactic acidosis risk.",
Enam 5,Enalapril,Enalapril,Hypertension and heart failure,Cough; Dizziness,42.0,Dr. Reddy's Laboratories,Avoid in pregnancy,5 mg,Tablet,False,H,adult,Consult your doctor; check for interactions.,Contraindications depend on patient condition; seek medical advice.,
Escitalopram 10,Escitalopram,Escitalopram,Depression and anxiety,Nausea; Fatigue; Sexual dysfunction,55.0,Generic,Morning or evening dose,10 mg,Tablet,False,H,adult,Risk of serotonin syndrome with MAOIs/Triptans.,MAOI use within 14 days.,
Nexito 10,Escitalopram,Escitalopram,Depression and anxiety,Sweating; Sleep disturbances,62.0,Sun Pharmaceutical,Takes weeks to show effect,10 mg,Tablet,False,H,adult,Risk of serotonin syndrome with MAOIs/Triptans.,MAOI use within 14 days.,
Lexapro 10,Escitalopram,Escitalopram,Depression and anxiety,Dizziness; Dry mouth,125.0,Lundbeck,Avoid alcohol,10 mg,Tablet,False,H,adult,Risk of serotonin syndrome with MAOIs/Triptans.,MAOI use within 14 days.,
Nexpro 20,Esomeprazole,Esomeprazole,GERD and ulcers,Headache; Constipation,65.0,Torrent,Take 30 mins before meals,20 mg,Tablet,False,H,adult,May reduce absorption of some drugs; take before meals.,Hypersensitivity.,
Ovral L,Ethinyl Estradiol + Levonorgestrel,EE + Levonorgestrel,Oral contraceptive,Nausea; Spotting,135.0,Pfizer,Take daily at same time,Unknown,Tablet,False,H,adult,Consult your doctor; check for interactions.,Contraindications depend on patient condition; seek medical advice.,
Etoshine 90,Etoricoxib,Etoricoxib,Arthritis pain,Edema; Hypertension risk,95.0,Sun Pharmaceutical,Not for heart disease patients,90 mg,Tablet,False,H,adult,Avoid with active ulcers/anticoagulants; take with food.,"Active GI bleed, severe ulcer disease, hypersensitivity.",
Ferrous Sulfate 200,Ferrous Sulfate,Ferrous Sulfate,Iron deficiency anemia,Constipation; Nausea; Black stools,22.0,Generic,Take on empty stomach if tolerated,200 mg,Tablet,False,H,adult,Consult your doctor; check for interactions.,Contraindications depend on patient condition; seek medical advice.,
Iron Folic Acid,Ferrous Sulfate + Folic Acid,Iron + Folic Acid,Anemia,Constipation; Stomach upset; Dark stools,18.0,Generic,Take with vitamin C for better absorption,Unknown,Tablet,False,H,adult,Consult your doctor; check for interactions.,Contraindications depend on patient condition; seek medical advice.,
Allegra 120,Fexofenadine,Fexofenadine,Allergic rhinitis,Headache; Nausea,110.0,Sanofi,Non-sedating; avoid fruit juices,120 mg,Tablet,True,OTC,adult,Consult your doctor; check for interactions.,Contraindications depend on patient condition; seek medical advice.,फेक्सोफेनाडीन
Fluconazole 150,Fluconazole,Fluconazole,Fungal infections,Nausea; Headache; Liver effects,28.0,Generic,Single dose for vaginal yeast infections,150 mg,Tablet,False,H,adult,Consult your doctor; check for interactions.,Contraindications depend on patient condition; seek medical advice.,
Zocon 150,Fluconazole,Fluconazole,Fungal infections,Stomach pain; Rash,32.0,FDC,Liver monitoring with prolonged use,150 mg,Tablet,False,H,adult,Consult your doctor; check for interactions.,Contraindications depend on patient condition; seek medical advice.,
Fluoxetine 20,Fluoxetine,Fluoxetine,Depression and OCD,Nausea; Insomnia; Sexual dysfunction,35.0,Generic,Takes 2-4 weeks to work,20 mg,Tablet,False,H,adult,Risk of serotonin syndrome with MAOIs/Triptans.,MAOI use within 14 days.,
Fludac 20,Fluoxetine,Fluoxetine,Depression and OCD,Headache; Nervousness,38.0,Zydus Cadila,Regular psychiatric follow-up,20 mg,Tablet,False,H,adult,Risk of serotonin syndrome with MAOIs/Triptans.,MAOI use within 14 days.,
Prozac 20,Fluoxetine,Fluoxetine,Depression and OCD,Anxiety; Weight changes,85.0,Eli Lilly,Do not stop abruptly,20 mg,Tablet,False,H,adult,Risk of serotonin syndrome with MAOIs/Triptans.,MAOI use within 14 days.,
Azeflo Nasal Spray,Fluticasone + Azelastine,Fluticasone + Azelastine,Allergic rhinitis nasal spray,Nasal irritation; Dryness,295.0,Cipla,Use as directed; Not for children,Unknown,Spray,False,H,adult,Consult your doctor; check for interactions.,Contraindications depend on patient condition; seek medical advice.,
Folic Acid 5mg,Folic Acid,Folic Acid,Folate deficiency and pregnancy,Rare allergic reactions,12.0,Generic,Important during pregnancy,5MG,Tablet,False,H,adult,Consult your doctor; check for interactions.,Contraindications depend on patient condition; seek medical advice.,
Folvite 5mg,Folic Acid,Folic Acid,Folate deficiency and pregnancy,Minimal side effects,15.5,Abbott,Daily supplementation,5MG,Tablet,False,H,adult,Consult your doctor; check for interactions.,Contraindications depend on patient condition; seek medical advice.,
Foracort 200 Inhaler,Formoterol + Budesonide,Formoterol + Budesonide,Asthma maintenance,Tremors; Oral thrush,410.0,Cipla,Rinse mouth after use,200 mg,Inhaler,False,H,both,Consult your doctor; check for interactions.,Contraindications depend on patient condition; seek medical advice.,
Lasix 40,Furosemide,Furosemide,Edema and hypertension,Electrolyte imbalance; Dehydration,28.0,Sanofi,Monitor electrolytes,40 mg,Tablet,False,H,adult,Avoid in pregnancy; monitor potassium and renal function.,"Pregnancy, history of angioedema.",
Gabapin 300,Gabapentin,Gabapentin,Nerve pain; Seizures,Drowsiness; Dizziness,105.0,Intas,Do not stop suddenly,300G,Tablet,False,H,adult,Consult your doctor; check for interactions.,Contraindications depend on patient condition; seek medical advice.,
Diamicron MR 60,Gliclazide,Gliclazide,Type 2 Diabetes,Hypoglycemia; Weight gain,85.0,Serdia,Take with breakfast,60G,Tablet,False,H,adult,Hold with contrast studies; avoid in severe renal impairment.,"Severe renal impairment, lactic acidosis risk.",
Glimepiride 1mg,Glimepiride,Glimepiride,Type 2 Diabetes,Hypoglycemia; Weight gain,25.0,Generic,Take before breakfast,1MG,Tablet,False,H,adult,Hold with contrast studies; avoid in severe renal impairment.,"Severe renal impairment, lactic acidosis risk.",ग्लाइमेपिराइड
Amaryl 1mg,Glimepiride,Glimepiride,Type 2 Diabetes,Low blood sugar,32.0,Sanofi,Monitor blood glucose regularly,1MG,Tablet,False,H,adult,Hold with contrast studies; avoid in severe renal impairment.,"Severe renal impairment, lactic acidosis risk.",ग्लाइमेपिराइड
Amaryl M 1/500,Glimepiride + Metformin,Glimepiride + Metformin,Type 2 Diabetes,Low sugar; GI upset,115.0,Sanofi,Take with meals,500G,Tablet,False,H,adult,Hold with contrast studies; avoid in severe renal impairment.,"Severe renal impairment, lactic acidosis risk.",
Insulatard,Human Insulin (NPH),Human Insulin (NPH),Diabetes insulin therapy,Hypoglycemia; Injection site reactions,420.0,Novo Nordisk,Store in fridge,100 IU/ml,Injection,False,H,adult,Dose changes with renal/hepatic impairment; check glucose closely.,Hypoglycemia.,मानव इंसुलिन
Actrapid,Human Insulin (Regular),Human Insulin (Regular),Diabetes insulin therapy,Hypoglycemia; Injection site reactions,410.0,Novo Nordisk,Store in fridge,100 IU/ml,Injection,False,H,adult,Dose changes with renal/hepatic impairment; check glucose closely.,Hypoglycemia.,मानव इंसुलिन
Hydrochlorothiazide 12.5,Hydrochlorothiazide,Hydrochlorothiazide,Hypertension; Edema,Frequent urination; Low potassium,24.0,Generic,Take in morning,12.5 mg,Tablet,False,H,adult,Avoid in pregnancy; monitor potassium and renal function.,"Pregnancy, history of angioedema.",
Hydrocortisone Cream,Hydrocortisone,Hydrocortisone,Skin inflammation,Skin thinning with prolonged use,45.0,Generic,Apply thin layer,Unknown,Cream,False,H,adult,Consult your doctor; check for interactions.,Contraindications depend on patient condition; seek medical advice.,
Buscopan,Hyoscine Butylbromide,Hyoscine Butylbromide,Abdominal cramps,Dry mouth; Blurred vision,45.0,Sanofi,Avoid driving if drowsy,Unknown,Tablet,False,H,adult,Consult your doctor; check for interactions.,Contraindications depend on patient condition; seek medical advice.,
Ibugesic,Ibuprofen,Ibuprofen,Pain relief and inflammation,Nausea; Stomach pain,38.0,Cipla,Take with food,Unknown,Tablet,False,H,adult,Consult your doctor; check for interactions.,Contraindications depend on patient condition; seek medical advice.,
Brufen,Ibuprofen,Ibuprofen,Pain relief and inflammation,Stomach upset; Dizziness; Headache,42.0,Abbott,Take with food; Avoid if stomach ulcers,Unknown,Tablet,False,H,adult,Consult your doctor; check for interactions.,Contraindications depend on patient condition; seek medical advice.,
Combiflam,Ibuprofen + Paracetamol,Ibuprofen + Paracetamol,Pain and fever relief,Stomach upset; Dizziness,28.0,Sanofi,Do not use for more than 3 days without consulting doctor,Unknown,Tablet,False,H,adult,Consult your doctor; check for interactions.,Contraindications depend on patient condition; seek medical advice.,
Brufen Plus,Ibuprofen + Paracetamol,Ibuprofen + Paracetamol,Pain and fever relief,Nausea; Stomach discomfort,32.5,Abbott,Take with food,Unknown,Tablet,False,H,adult,Consult your doctor; check for interactions.,Contraindications depend on patient condition; seek medical advice.,
Basaglar,Insulin Glargine,Insulin Glargine,Diabetes insulin therapy,Hypoglycemia; Injection site reactions,780.0,Eli Lilly,Store in fridge,100 IU/ml,Injection,False,H,adult,Hypoglycemia with other antidiabetics; adjust with steroids/illness.,Hypoglycemia.,इंसुलिन ग्लार्जिन
Lantus,Insulin Glargine,Insulin Glargine,Diabetes long-acting,Low blood sugar; Injection site reaction,785.0,Sanofi,Store in fridge,Unknown,Tablet,False,H,adult,Hypoglycemia with other antidiabetics; adjust with steroids/illness.,Hypoglycemia.,इंसुलिन ग्लार्जिन
Apidra,Insulin Glulisine,Insulin Glulisine,Diabetes insulin therapy,Hypoglycemia; Injection site reactions,860.0,Sanofi,Store in fridge,100 IU/ml,Injection,False,H,adult,,,इंसुलिन
Feroglobin,Iron + Vitamins,Iron Complex,Anemia and fatigue,Stomach discomfort,125.0,Vitabiotics,Take with orange juice,Unknown,Tablet,False,H,adult,Consult your doctor; check for interactions.,Contraindications depend on patient condition; seek medical advice.,
Isotroin 20,Isotretinoin,Isotretinoin,Severe acne,Dryness; Teratogenic,185.0,Cipla,Strict pregnancy prevention,20 mg,Tablet,False,H,adult,Consult your doctor; check for interactions.,Contraindications depend on patient condition; seek medical advice.,
Itopride 50,Itopride,Itopride,Acid reflux with bloating,Diarrhea; Rash,78.0,Abbott,Avoid in GI bleeding,50 mg,Tablet,False,H,adult,Consult your doctor; check for interactions.,Contraindications depend on patient condition; seek medical advice.,
Ganaton 50,Itopride,Itopride,Functional dyspepsia,Abdominal discomfort,82.0,Abbott,Take before meals,50 mg,Tablet,False,H,adult,Consult your doctor; check for interactions.,Contraindications depend on patient condition; seek medical advice.,
Canditral 100,Itraconazole,Itraconazole,Fungal infections,Stomach upset; Rash,225.0,Glenmark,Take with food,100 mg,Tablet,False,H,adult,Consult your doctor; check for interactions.,Contraindications depend on patient condition; seek medical advice.,
Ketoconazole Shampoo,Ketoconazole,Ketoconazole,Dandruff and scalp infections,Scalp irritation; Hair texture changes,225.0,Generic,Use twice weekly,Unknown,Shampoo,False,H,adult,Consult your doctor; check for interactions.,Contraindications depend on patient condition; seek medical advice.,
Nizral Shampoo,Ketoconazole,Ketoconazole,Dandruff and scalp infections,Dryness; Oiliness changes,245.0,Johnson & Johnson,Leave on for 5 minutes,Unknown,Shampoo,False,H,adult,Consult your doctor; check for interactions.,Contraindications depend on patient condition; seek medical advice.,
Sporolac Sachet,Lactobacillus,Lactobacillus,Probiotic support,Rare side effects,20.0,Uni Sankyo,Add to water/milk,Unknown,Sachet,False,H,pediatric,Consult your doctor; check for interactions.,Contraindications depend on patient condition; seek medical advice.,
Darolac Sachet,Lactobacillus,Lactobacillus,Probiotic for diarrhea,Rare gas; Bloating,22.0,Aristo,Store in cool dry place,Unknown,Sachet,False,H,pediatric,Consult your doctor; check for interactions.,Contraindications depend on patient condition; seek medical advice.,
Duphalac Syrup,Lactulose,Lactulose,Constipation,Bloating; Gas,145.0,Abbott,Adjust dose to 2-3 soft stools/day,Unknown,Syrup,False,H,pediatric,Consult your doctor; check for interactions.,Contraindications depend on patient condition; seek medical advice.,
Levocet 5,Levocetirizine,Levocetirizine,Allergy relief,Drowsiness (mild),48.0,Cipla,Avoid alcohol,5 mg,Tablet,True,OTC,adult,Consult your doctor; check for interactions.,Contraindications depend on patient condition; seek medical advice.,लेवोसेटिरीज़ीन
Xyzal 5,Levocetirizine,Levocetirizine,Allergies and hives,Somnolence; Dry mouth,62.0,Dr. Reddy's Laboratories,Bedtime dosing preferred,5 mg,Tablet,True,OTC,adult,Consult your doctor; check for interactions.,Contraindications depend on patient condition; seek medical advice.,लेवोसेटिरीज़ीन
Levoflox 500,Levofloxacin,Levofloxacin,Bacterial infections,Dizziness; Tendon problems,95.0,Cipla,Avoid strenuous exercise,500 mg,Tablet,False,H1,adult,Risk of tendon rupture; avoid with steroids if possible.,History of tendinopathy with quinolones.,
Levaquin 500,Levofloxacin,Levofloxacin,Respiratory/UTI infections,Insomnia; Nausea,165.0,Johnson & Johnson,Risk of tendinitis,500 mg,Tablet,False,H1,adult,Risk of tendon rupture; avoid with steroids if possible.,History of tendinopathy with quinolones.,
i-Pill 1.5,Levonorgestrel,Levonorgestrel,Emergency contraception,Nausea; Irregular bleeding,110.0,Piramal,Use within 72 hours,1.5 mg,Tablet,False,H,adult,Consult your doctor; check for interactions.,Contraindications depend on patient condition; seek medical advice.,
Levolin Neb,Levosalbutamol,Levosalbutamol,Bronchospasm (nebulization),Tremors; Palpitations,18.0,Cipla,Use with nebulizer as directed,0.63 mg/2.5 ml,Nebulizer Solution,False,H,both,Additive effects with other sympathomimetics; caution with MAOIs.,Severe hypersensitivity to albuterol derivatives.,लीवोसल्बुटामोल
Levosal Neb,Levosalbutamol,Levosalbutamol,Bronchospasm (nebulization),Tremors; Palpitations,18.0,Cipla,Use with nebulizer as directed,0.63 mg/2.5 ml,Nebulizer Solution,False,H,both,Additive effects with other sympathomimetics; caution with MAOIs.,Severe hypersensitivity to albuterol derivatives.,लीवोसल्बुटामोल
Xovent Neb,Levosalbutamol,Levosalbutamol,Bronchospasm (nebulization),Tremors; Palpitations,18.0,Cipla,Use with nebulizer as directed,0.63 mg/2.5 ml,Nebulizer Solution,False,H,both,Additive effects with other sympathomimetics; caution with MAOIs.,Severe hypersensitivity to albuterol derivatives.,लीवोसल्बुटामोल
Thyrox 25,Levothyroxine,Levothyroxine,Hypothyroidism,Palpitations; Insomnia,18.0,Abbott,Take on empty stomach in morning,25 mg,Tablet,False,H,adult,Consult your doctor; check for interactions.,Contraindications depend on patient condition; seek medical advice.,
Levothyroxine 50,Levothyroxine,Levothyroxine,Hypothyroidism,Heart palpitations; Weight loss,22.0,Generic,Take on empty stomach in morning,50 mg,Tablet,False,H,adult,Consult your doctor; check for interactions.,Contraindications depend on patient condition; seek medical advice.,
Thyronorm 50,Levothyroxine,Levothyroxine,Hypothyroidism,Hair loss (temporary),25.5,Abbott,Regular thyroid testing needed,50 mg,Tablet,False,H,adult,Consult your doctor; check for interactions.,Contraindications depend on patient condition; seek medical advice.,
Eltroxin 50,Levothyroxine,Levothyroxine,Hypothyroidism,Nervousness; Insomnia,28.0,Aspen,Consistent daily timing crucial,50 mg,Tablet,False,H,adult,Consult your doctor; check for interactions.,Contraindications depend on patient condition; seek medical advice.,
Thyrox 100,Levothyroxine,Levothyroxine,Hypothyroidism,Headache; Nervousness,32.0,Abbott,Consistent daily timing crucial,100 mg,Tablet,False,H,adult,Consult your doctor; check for interactions.,Contraindications depend on patient condition; seek medical advice.,
Zyvox 600,Linezolid,Linezolid,Resistant bacterial infections,Headache; Nausea,780.0,Pfizer,Monitor blood counts,600 mg,Tablet,False,H1,adult,Consult your doctor; check for interactions.,Contraindications depend on patient condition; seek medical advice.,
Lisicard 5,Lisinopril,Lisinopril,Hypertension,Dry cough; Dizziness,48.0,Micro Labs,Avoid potassium supplements,5 mg,Tablet,False,H,adult,Consult your doctor; check for interactions.,Contraindications depend on patient condition; seek medical advice.,
Loratadine 10,Loratadine,Loratadine,Allergies,Dry mouth; Headache,12.0,Generic,Non-sedating antihistamine,10 mg,Tablet,True,OTC,adult,Consult your doctor; check for interactions.,Contraindications depend on patient condition; seek medical advice.,
Clarityn 10,Loratadine,Loratadine,Allergies,Minimal side effects,35.0,Schering-Plough,Take on empty stomach,10 mg,Tablet,True,OTC,adult,Consult your doctor; check for interactions.,Contraindications depend on patient condition; seek medical advice.,
Lorazepam 1mg,Lorazepam,Lorazepam,Anxiety disorders,Sedation; Weakness,22.0,Generic,Short-term use recommended,1MG,Tablet,False,H,adult,Consult your doctor; check for interactions.,Contraindications depend on patient condition; seek medical advice.,
Ativan 1mg,Lorazepam,Lorazepam,Anxiety disorders,Confusion; Depression,45.0,Pfizer,Avoid prolonged use,1MG,Tablet,False,H,adult,Consult your doctor; check for interactions.,Contraindications depend on patient condition; seek medical advice.,
Losar 50,Losartan,Losartan,High blood pressure,Dizziness; Back pain,75.0,Torrent,Check potassium regularly,50 mg,Tablet,False,H,adult,Avoid in pregnancy; monitor potassium and renal function.,"Pregnancy, history of angioedema.",
Losartan-H 50/12.5,Losartan + HCTZ,Losartan + Hydrochlorothiazide,Hypertension combo,Frequent urination; Dizziness,98.0,Torrent,Take in morning,50 mg,Tablet,False,H,adult,Avoid in pregnancy; monitor potassium and renal function.,"Pregnancy, history of angioedema.",
Digene Tablet,Magnesium + Aluminium Hydroxide + Simethicone,Antacid combo,Acidity; Gas relief,Constipation/Diarrhea (mild),42.0,Abbott,Chew before swallowing,Unknown,Tablet,True,OTC,adult,Consult your doctor; check for interactions.,Contraindications depend on patient condition; seek medical advice.,
Colospa 135,Mebeverine,Mebeverine,IBS cramps,Dizziness; Nausea,88.0,Abbott,Swallow whole; do not crush,135 mg,Tablet,False,H,adult,Consult your doctor; check for interactions.,Contraindications depend on patient condition; seek medical advice.,
Meftal 500,Mefenamic Acid,Mefenamic Acid,Pain and menstrual cramps,Stomach upset; Dizziness,46.0,Blue Cross,Avoid in ulcer disease,500 mg,Tablet,False,H,adult,Avoid with active ulcers/anticoagulants; take with food.,"Active GI bleed, severe ulcer disease, hypersensitivity.",
Meftal-Spas,Mefenamic Acid + Dicyclomine,Mefenamic Acid + Dicyclomine,Menstrual cramps; Abdominal pain,Nausea; Dry mouth,58.0,Blue Cross,Avoid in ulcers,Unknown,Tablet,False,H,adult,Avoid with active ulcers/anticoagulants; take with food.,"Active GI bleed, severe ulcer disease, hypersensitivity.",
Zandu Balm,Menthol + Methyl Salicylate + Gaultheria oil,Topical analgesic,Headache; Body pain relief,Skin irritation (rare),40.0,Emami,External use only,Unknown,Tablet,False,H,adult,Consult your doctor; check for interactions.,Contraindications depend on patient condition; seek medical advice.,
Metformin 500,Metformin,Metformin,Type 2 Diabetes,Nausea; Diarrhea; Stomach upset,12.0,Generic,Take with meals,500 mg,Tablet,False,H,adult,Hold with contrast studies; avoid in severe renal impairment.,"Severe renal impairment, lactic acidosis risk.",मेटफॉर्मिन
Glycomet 500,Metformin,Metformin,Type 2 Diabetes,Diarrhea; Metallic taste,13.5,USV Limited,Start with low dose,500 mg,Tablet,False,H,adult,Hold with contrast studies; avoid in severe renal impairment.,"Severe renal impairment, lactic acidosis risk.",मेटफॉर्मिन
Glucophage 500,Metformin,Metformin,Type 2 Diabetes,Stomach issues; Lactic acidosis (rare),15.5,Merck,Regular blood sugar monitoring needed,500 mg,Tablet,False,H,adult,Hold with contrast studies; avoid in severe renal impairment.,"Severe renal impairment, lactic acidosis risk.",मेटफॉर्मिन
Glycomet SR 1000,Metformin SR,Metformin,Type 2 Diabetes GI control,Diarrhea; Nausea,38.0,USV Limited,Take with dinner,1000 mg,Tablet,False,H,adult,Hold with contrast studies; avoid in severe renal impairment.,"Severe renal impairment, lactic acidosis risk.",
Met XL 50,Metoprolol Succinate,Metoprolol,Hypertension; Angina,Fatigue; Slow heart rate,85.0,Sun Pharmaceutical,Do not stop abruptly,50 mg,Tablet,False,H,adult,Avoid in pregnancy; monitor potassium and renal function.,"Pregnancy, history of angioedema.",
Flagyl 400,Metronidazole,Metronidazole,Amebiasis; Giardiasis,Metallic taste; Nausea,32.0,Sanofi,Avoid alcohol completely,400 mg,Tablet,False,H,adult,Consult your doctor; check for interactions.,Contraindications depend on patient condition; seek medical advice.,
Multivitamin Tablet,Mixed Vitamins & Minerals,Multivitamin,General health and nutrition,Rare allergic reactions,45.0,Generic,Take with food,Unknown,Tablet,False,H,adult,Consult your doctor; check for interactions.,Contraindications depend on patient condition; seek medical advice.,
Montelukast 10,Montelukast,Montelukast,Asthma and allergies,Headache; Mood changes,85.0,Generic,Evening dose recommended,10 IU,Tablet,False,H,adult,Consult your doctor; check for interactions.,Contraindications depend on patient condition; seek medical advice.,मोंटेलुकास्ट
Montair 10,Montelukast,Montelukast,Asthma and allergies,Stomach pain; Diarrhea,92.0,Cipla,Not for acute asthma attacks,10 IU,Tablet,False,H,adult,Consult your doctor; check for interactions.,Contraindications depend on patient condition; seek medical advice.,मोंटेलुकास्ट
Singulair 10,Montelukast,Montelukast,Asthma and allergies,Fatigue; Dizziness,165.0,Merck,Regular respiratory monitoring,10 IU,Tablet,False,H,adult,Consult your doctor; check for interactions.,Contraindications depend on patient condition; seek medical advice.,मोंटेलुकास्ट
Levmont Kid Syrup,Montelukast + Levocetirizine,Montelukast + Levocetirizine,Allergic rhinitis (pediatric),Drowsiness; Headache,165.0,Cipla,Evening dose preferred,4 mg/2.5 mg per 5 ml,Syrup,False,H,pediatric,Minimal interactions; additive drowsiness with CNS depressants.,Severe hepatic impairment (caution); known hypersensitivity.,मोंटेलुकास्ट + लेवोसेटिरीज़ीन
Montair-LC,Montelukast + Levocetirizine,Montelukast + Levocetirizine,Allergic rhinitis and asthma,Headache; Drowsiness,165.0,Cipla,Evening dose recommended,Unknown,Tablet,False,H,adult,Minimal interactions; additive drowsiness with CNS depressants.,Severe hepatic impairment (caution); known hypersensitivity.,
Montair-LC Kid Syrup,Montelukast + Levocetirizine,Montelukast + Levocetirizine,Allergic rhinitis (pediatric),Drowsiness; Headache,165.0,Cipla,Evening dose preferred,4 mg/2.5 mg per 5 ml,Syrup,False,H,pediatric,Minimal interactions; additive drowsiness with CNS depressants.,Severe hepatic impairment (caution); known hypersensitivity.,मोंटेलुकास्ट + लेवोसेटिरीज़ीन
Montelast-LC Kid Syrup,Montelukast + Levocetirizine,Montelukast + Levocetirizine,Allergic rhinitis (pediatric),Drowsiness; Headache,165.0,Cipla,Evening dose preferred,4 mg/2.5 mg per 5 ml,Syrup,False,H,pediatric,Minimal interactions; additive drowsiness with CNS depressants.,Severe hepatic impairment (caution); known hypersensitivity.,मोंटेलुकास्ट + लेवोसेटिरीज़ीन
Revital H,Multivitamins + Ginseng,Multivitamin Complex,Energy and vitality,Minimal side effects,285.0,Sun Pharmaceutical,Take after breakfast,Unknown,Tablet,False,H,adult,Consult your doctor; check for interactions.,Contraindications depend on patient condition; seek medical advice.,
Supradyn,Multivitamins + Minerals,Multivitamin Complex,Overall health,Rare stomach upset,425.0,Bayer,Complete daily nutrition,Unknown,Tablet,False,H,adult,Consult your doctor; check for interactions.,Contraindications depend on patient condition; seek medical advice.,
Zincovit,Multivitamins + Zinc,Multivitamin + Minerals,Immunity and health,Nausea (if taken empty stomach),135.0,Apex Laboratories,Take with meals,Unknown,Tablet,False,H,adult,Consult your doctor; check for interactions.,Contraindications depend on patient condition; seek medical advice.,
T-Bact Cream,Mupirocin,Mupirocin,Skin infections,Local irritation (mild),90.0,GlaxoSmithKline,External use only,Unknown,Cream,False,H,adult,Consult your doctor; check for interactions.,Contraindications depend on patient condition; seek medical advice.,
T-Bact Ointment,Mupirocin,Mupirocin,Skin bacterial infection,Local irritation (mild),95.0,GlaxoSmithKline,External use only,Unknown,Ointment,False,H,adult,Consult your doctor; check for interactions.,Contraindications depend on patient condition; seek medical advice.,
Naprosyn 250,Naproxen,Naproxen,Pain and menstrual cramps,Stomach upset; Drowsiness,48.0,Dr. Reddy's Laboratories,Take with food,250 mg,Tablet,False,H,adult,Avoid with active ulcers/anticoagulants; take with food.,"Active GI bleed, severe ulcer disease, hypersensitivity.",
Niftas 100,Nitrofurantoin,Nitrofurantoin,UTI treatment,Nausea; Headache,88.0,Intas,Take with food; Avoid in late pregnancy,100 mg,Tablet,False,H,adult,Consult your doctor; check for interactions.,Contraindications depend on patient condition; seek medical advice.,
Norflox 400,Norfloxacin,Norfloxacin,Urinary tract infections,Nausea; Headache,38.0,Cipla,Take on empty stomach,400 mg,Tablet,False,H,adult,Risk of tendon rupture; avoid with steroids if possible.,History of tendinopathy with quinolones.,
ORS-L 200ml,ORS + Zinc,Oral Rehydration + Zinc,Diarrhea in children,None significant,35.0,Generic,Use as per pediatric advice,Unknown,Tablet,False,H,adult,Consult your doctor; check for interactions.,Contraindications depend on patient condition; seek medical advice.,
Oflox 200,Ofloxacin,Ofloxacin,Bacterial infections,Dizziness; Nausea,62.0,Cipla,Avoid sun exposure,200 mg,Tablet,False,H1,adult,Risk of tendon rupture; avoid with steroids if possible.,History of tendinopathy with quinolones.,
Oliza 5,Olanzapine,Olanzapine,Schizophrenia; Bipolar,Weight gain; Drowsiness,92.0,Intas,Monitor sugars and lipids,5 mg,Tablet,False,H,adult,Consult your doctor; check for interactions.,Contraindications depend on patient condition; seek medical advice.,
Omeprazole 20,Omeprazole,Omeprazole,Acidity and ulcers,Diarrhea; Stomach pain,28.0,Generic,Long-term use needs doctor supervision,20 mg,Tablet,False,H,adult,May reduce absorption of some drugs; take before meals.,Hypersensitivity.,
Omez,Omeprazole,Omeprazole,Acidity and ulcers,Headache; Nausea,32.0,Dr. Reddy's Laboratories,Take before breakfast,Unknown,Tablet,False,H,adult,May reduce absorption of some drugs; take before meals.,Hypersensitivity.,
Ondem 4,Ondansetron,Ondansetron,Nausea and vomiting,Headache; Constipation,42.0,Alkem,May cause QT prolongation,4 mg,Tablet,False,H,adult,Consult your doctor; check for interactions.,Contraindications depend on patient condition; seek medical advice.,
ORS Powder,Oral Rehydration Salts,ORS,Dehydration; Diarrhea support,None if taken as directed,20.0,WHO Formulation,Use safe drinking water,Unknown,Powder,True,OTC,adult,Consult your doctor; check for interactions.,Contraindications depend on patient condition; seek medical advice.,
ORS Electral,Oral Rehydration Salts,ORS,Dehydration support,None significant,22.0,FDC,Use boiled and cooled water,Unknown,Tablet,True,OTC,adult,Consult your doctor; check for interactions.,Contraindications depend on patient condition; seek medical advice.,
Tamiflu 75,Oseltamivir,Oseltamivir,Influenza treatment,Nausea; Vomiting,485.0,Hoffmann-La Roche,Start within 48 hours,75 mg,Tablet,False,H,adult,Consult your doctor; check for interactions.,Contraindications depend on patient condition; seek medical advice.,
Pan 40,Pantoprazole,Pantoprazole,Acid reflux and GERD,Dizziness; Stomach pain,38.5,Alkem Laboratories,Morning dose recommended,40 mg,Tablet,False,H,adult,May reduce absorption of some drugs; take before meals.,Hypersensitivity.,
Pantoprazole 40,Pantoprazole,Pantoprazole,Acid reflux and GERD,Headache; Diarrhea,42.0,Generic,Take before meals,40 mg,Tablet,False,H,adult,May reduce absorption of some drugs; take before meals.,Hypersensitivity.,
Pantocid,Pantoprazole,Pantoprazole,Acid reflux and GERD,Rare side effects,45.0,Sun Pharmaceutical,Take 30 mins before meals,Unknown,Tablet,False,H,adult,May reduce absorption of some drugs; take before meals.,Hypersensitivity.,
Pan-D,Pantoprazole + Domperidone,Pantoprazole + Domperidone,Acidity with nausea,Headache; Diarrhea,85.0,Alkem,Take before meals,Unknown,Tablet,False,H,adult,May reduce absorption of some drugs; take before meals.,Hypersensitivity.,
Pyrigesic,Paracetamol,Paracetamol,Fever and pain relief,Rare allergic reactions,18.5,Intas Pharmaceuticals,Avoid overdose,Unknown,Tablet,True,OTC,adult,Avoid duplicate acetaminophen products; caution in liver disease.,Severe hepatic impairment.,पैरासिटामोल
Metacin,Paracetamol,Paracetamol,Fever and pain relief,Minimal side effects,22.0,Mankind Pharma,Safe for most adults,Unknown,Tablet,True,OTC,adult,Avoid duplicate acetaminophen products; caution in liver disease.,Severe hepatic impairment.,पैरासिटामोल
Crocin,Paracetamol,Paracetamol,Fever and pain relief,Nausea; Skin rash; Liver damage (overdose),25.5,GlaxoSmithKline,Do not exceed 4g per day; Avoid alcohol,Unknown,Tablet,True,OTC,adult,Avoid duplicate acetaminophen products; caution in liver disease.,Severe hepatic impairment.,पैरासिटामोल
Dolo 650,Paracetamol,Paracetamol,Fever and pain relief,Nausea; Allergic reactions,30.0,Micro Labs,Consult doctor if pregnant; Avoid with alcohol,650 mg,Tablet,True,OTC,adult,Avoid duplicate acetaminophen products; caution in liver disease.,Severe hepatic impairment.,पैरासिटामोल
Calpol,Paracetamol,Paracetamol,Fever and pain relief for children,Rare allergic reactions,35.0,GlaxoSmithKline,Follow age-appropriate dosing,Unknown,Tablet,True,OTC,adult,Avoid duplicate acetaminophen products; caution in liver disease.,Severe hepatic impairment.,पैरासिटामोल
Sinarest-AF Drops,Paracetamol + Phenylephrine + CPM,Paracetamol + Phenylephrine + Chlorpheniramine,Cold relief for kids,Drowsiness; Irritability,35.0,Piramal,Pediatric dosing only,Unknown,Drops,False,H,pediatric,Consult your doctor; check for interactions.,Contraindications depend on patient condition; seek medical advice.,
Sinarest,Paracetamol + Phenylephrine + CPM,Paracetamol + Phenylephrine + Chlorpheniramine,Cold and congestion,Drowsiness; Dry mouth,45.0,Centaur,Avoid driving if drowsy,Unknown,Tablet,False,H,adult,Consult your doctor; check for interactions.,Contraindications depend on patient condition; seek medical advice.,
D Cold Total,Paracetamol + Phenylephrine + CPM + Caffeine,Paracetamol + Phenylephrine + Chlorpheniramine + Caffeine,Cold and flu symptom relief,Drowsiness; Palpitations,62.0,Piramal,Avoid at night due to caffeine,Unknown,Tablet,False,H,adult,Consult your doctor; check for interactions.,Contraindications depend on patient condition; seek medical advice.,
Betadine Ointment,Povidone Iodine,Povidone Iodine,Minor cuts and wounds,Skin irritation (rare),55.0,Win-Medicare,External use only,Unknown,Ointment,True,OTC,adult,Consult your doctor; check for interactions.,Contraindications depend on patient condition; seek medical advice.,
Prednisolone 5,Prednisolone,Prednisolone,Inflammation and autoimmune conditions,Weight gain; Mood changes; High blood sugar,18.0,Generic,Do not stop suddenly,5 mg,Tablet,False,H,adult,Consult your doctor; check for interactions.,Contraindications depend on patient condition; seek medical advice.,
Wysolone 5,Prednisolone,Prednisolone,Inflammation and autoimmune conditions,Osteoporosis with long-term use,22.0,Pfizer,Taper dose gradually,5 mg,Tablet,False,H,adult,Consult your doctor; check for interactions.,Contraindications depend on patient condition; seek medical advice.,
Lyrica 75,Pregabalin,Pregabalin,Nerve pain; Anxiety,Dizziness; Weight gain,210.0,Pfizer,May cause drowsiness,75 mg,Tablet,False,H,adult,Consult your doctor; check for interactions.,Contraindications depend on patient condition; seek medical advice.,
Stemetil 5,Prochlorperazine,Prochlorperazine,Nausea; Vertigo,Drowsiness; Dry mouth,32.0,Sanofi,Avoid driving,5 mg,Tablet,False,H,adult,Consult your doctor; check for interactions.,Contraindications depend on patient condition; seek medical advice.,
Inderal 40,Propranolol,Propranolol,Anxiety; Migraine; HTN,Fatigue; Cold hands,45.0,Abbott,Do not stop abruptly,40 mg,Tablet,False,H,adult,Avoid in pregnancy; monitor potassium and renal function.,"Pregnancy, history of angioedema.",
Betacap 20,Propranolol LA,Propranolol,Migraine prophylaxis; Anxiety,Fatigue; Sleep disturbance,75.0,Sun Pharmaceutical,Do not stop abruptly,20 mg,Capsule,False,H,adult,Avoid in pregnancy; monitor potassium and renal function.,"Pregnancy, history of angioedema.",
Sat Isabgol,Psyllium Husk,Psyllium Husk,Constipation; Fiber supplement,Bloating; Gas (initial),145.0,Dabur,Drink plenty of water,Unknown,Tablet,True,OTC,adult,Consult your doctor; check for interactions.,Contraindications depend on patient condition; seek medical advice.,
Qutipin 50,Quetiapine,Quetiapine,Schizophrenia; Bipolar,Sedation; Weight gain,95.0,Sun Pharmaceutical,Regular psychiatric follow-up,50 mg,Tablet,False,H,adult,Consult your doctor; check for interactions.,Contraindications depend on patient condition; seek medical advice.,
Rabeprazole 20,Rabeprazole,Rabeprazole,Acid reflux and GERD,Headache; Nausea,52.0,Dr. Reddy's Laboratories,Take before breakfast,20 mg,Tablet,False,H,adult,May reduce absorption of some drugs; take before meals.,Hypersensitivity.,
Rablet 20,Rabeprazole,Rabeprazole,Acid reflux and ulcer,Abdominal pain; Flatulence,58.0,Lupin,Short-term use unless advised,20 mg,Tablet,False,H,adult,May reduce absorption of some drugs; take before meals.,Hypersensitivity.,
Cardace 5,Ramipril,Ramipril,Blood pressure control,Cough; Hyperkalemia,65.0,Sanofi,Monitor kidney function,5 mg,Tablet,False,H,adult,Consult your doctor; check for interactions.,Contraindications depend on patient condition; seek medical advice.,
Ranitidine 150,Ranitidine,Ranitidine,Acidity and heartburn,Headache; Constipation,18.0,Generic,Take twice daily,150 mg,Tablet,False,H,adult,Consult your doctor; check for interactions.,Contraindications depend on patient condition; seek medical advice.,
Rantac 150,Ranitidine,Ranitidine,Acidity and heartburn,Dizziness; Diarrhea,22.0,Johnson & Johnson,Can be taken with or without food,150 mg,Tablet,False,H,adult,Consult your doctor; check for interactions.,Contraindications depend on patient condition; seek medical advice.,
Rantac 150 Plus,Ranitidine + Domperidone,Ranitidine + Domperidone,Acidity + nausea,Drowsiness; Diarrhea,48.0,Johnson & Johnson,Short term use only,150 mg,Tablet,False,H,adult,Consult your doctor; check for interactions.,Contraindications depend on patient condition; seek medical advice.,
Rifagut 400,Rifaximin,Rifaximin,IBS-D; Traveler's diarrhea,Flatulence; Headache,285.0,Sun Pharmaceutical,Avoid if liver issues,400 mg,Tablet,False,H,adult,Consult your doctor; check for interactions.,Contraindications depend on patient condition; seek medical advice.,
Sizodon 2,Risperidone,Risperidone,Schizophrenia; Bipolar,Tremors; Weight gain,58.0,Sun Pharmaceutical,Regular follow-up,2 mg,Tablet,False,H,adult,Consult your doctor; check for interactions.,Contraindications depend on patient condition; seek medical advice.,
Rosuvastatin 10,Rosuvastatin,Rosuvastatin,High cholesterol,Muscle pain; Weakness,55.0,Generic,Monitor liver function,10 mg,Tablet,False,H,adult,Avoid grapefruit; risk of myopathy with some antibiotics.,"Active liver disease, pregnancy.",
Rosuvas 10,Rosuvastatin,Rosuvastatin,High cholesterol,Headache; Dizziness,62.0,Sun Pharmaceutical,Evening dose preferred,10 mg,Tablet,False,H,adult,Avoid grapefruit; risk of myopathy with some antibiotics.,"Active liver disease, pregnancy.",
Crestor 10,Rosuvastatin,Rosuvastatin,High cholesterol,Nausea; Muscle pain,95.0,AstraZeneca,Regular cholesterol testing,10 mg,Tablet,False,H,adult,Avoid grapefruit; risk of myopathy with some antibiotics.,"Active liver disease, pregnancy.",
Roxid 150,Roxithromycin,Roxithromycin,Respiratory infections,Nausea; Stomach pain,72.0,Alembic Pharmaceuticals,Take on empty stomach,150 mg,Tablet,False,H,adult,Consult your doctor; check for interactions.,Contraindications depend on patient condition; seek medical advice.,
Salbutamol Inhaler,Salbutamol,Salbutamol,Asthma and bronchospasm,Tremors; Palpitations; Headache,125.0,Generic,Rescue inhaler for quick relief,Unknown,Inhaler,False,H,both,Consult your doctor; check for interactions.,Contraindications depend on patient condition; seek medical advice.,
Asthalin Inhaler,Salbutamol,Salbutamol,Asthma and bronchospasm,Nervousness; Rapid heartbeat,135.0,Cipla,Rinse mouth after use,Unknown,Inhaler,False,H,both,Consult your doctor; check for interactions.,Contraindications depend on patient condition; seek medical advice.,
Ventolin Inhaler,Salbutamol,Salbutamol,Asthma and bronchospasm,Throat irritation; Muscle cramps,185.0,GlaxoSmithKline,Do not exceed prescribed dose,Unknown,Inhaler,False,H,both,Consult your doctor; check for interactions.,Contraindications depend on patient condition; seek medical advice.,
Seroflo 100,Salmeterol + Fluticasone,Salmeterol + Fluticasone,Asthma/COPD maintenance,Hoarseness; Thrush,400.0,Cipla,Not for rescue; regular use only,100/50 mcg,Inhaler,False,H,both,Avoid non-selective beta blockers; monitor with strong CYP3A4 inhibitors.,Primary treatment of status asthmaticus; acute bronchospasm.,साल्मेटेरोल + फ्लूटिकाज़ोन
Seroflo 250,Salmeterol + Fluticasone,Salmeterol + Fluticasone,Asthma/COPD maintenance,Hoarseness; Thrush,490.0,Cipla,Not for rescue; regular use only,250/50 mcg,Inhaler,False,H,both,Avoid non-selective beta blockers; monitor with strong CYP3A4 inhibitors.,Primary treatment of status asthmaticus; acute bronchospasm.,साल्मेटेरोल + फ्लूटिकाज़ोन
Seroflo 250 Inhaler,Salmeterol + Fluticasone,Salmeterol + Fluticasone,Asthma/COPD maintenance,Hoarseness; Thrush,520.0,Cipla,Do not use as rescue inhaler,250 mg,Inhaler,False,H,both,Avoid non-selective beta blockers; monitor with strong CYP3A4 inhibitors.,Primary treatment of status asthmaticus; acute bronchospasm.,
Seroflo 500,Salmeterol + Fluticasone,Salmeterol + Fluticasone,Asthma/COPD maintenance,Hoarseness; Thrush,640.0,Cipla,Not for rescue; regular use only,500/50 mcg,Inhaler,False,H,both,Avoid non-selective beta blockers; monitor with strong CYP3A4 inhibitors.,Primary treatment of status asthmaticus; acute bronchospasm.,साल्मेटेरोल + फ्लूटिकाज़ोन
Sertraline 50,Sertraline,Sertraline,Depression and anxiety,Nausea; Diarrhea; Sexual problems,48.0,Generic,Take with food,50 mg,Tablet,False,H,adult,Risk of serotonin syndrome with MAOIs/Triptans.,MAOI use within 14 days.,
Zoloft 50,Sertraline,Sertraline,Depression and anxiety,Insomnia; Drowsiness,95.0,Pfizer,Consistent daily timing important,50 mg,Tablet,False,H,adult,Risk of serotonin syndrome with MAOIs/Triptans.,MAOI use within 14 days.,
Simvotin 20,Simvastatin,Simvastatin,Cholesterol reduction,Muscle pain; Headache,72.0,Sun Pharmaceutical,Avoid grapefruit juice,20 mg,Tablet,False,H,adult,Avoid grapefruit; risk of myopathy with some antibiotics.,"Active liver disease, pregnancy.",
Januvia 100,Sitagliptin,Sitagliptin,Type 2 Diabetes,Nasopharyngitis; Headache,480.0,Merck,Adjust with renal impairment,100 mg,Tablet,False,H,adult,Hold with contrast studies; avoid in severe renal impairment.,"Severe renal impairment, lactic acidosis risk.",
Eno Fruit Salt,Sodium Bicarbonate + Citric Acid + Anhydrous Sodium Carbonate,Sodium Bicarbonate + Citric Acid + Sodium Carbonate,Acidity and indigestion relief,Belching; Gas,20.0,GlaxoSmithKline,Dissolve in water before drinking,Unknown,Tablet,False,H,adult,Consult your doctor; check for interactions.,Contraindications depend on patient condition; seek medical advice.,
Aldactone 25,Spironolactone,Spironolactone,Edema; Heart failure,High potassium; Breast tenderness,55.0,Pfizer,Avoid potassium-rich diet,25 mg,Tablet,False,H,adult,Avoid in pregnancy; monitor potassium and renal function.,"Pregnancy, history of angioedema.",
Urimax 0.4,Tamsulosin,Tamsulosin,BPH urinary symptoms,Dizziness; Ejaculation disorder,195.0,Cipla,Take after same meal daily,0.4 mg,Tablet,False,H,adult,Consult your doctor; check for interactions.,Contraindications depend on patient condition; seek medical advice.,
Telmisartan 40,Telmisartan,Telmisartan,High blood pressure,Dizziness; Back pain,65.0,Generic,Check BP regularly,40 mg,Tablet,False,H,adult,Avoid in pregnancy; monitor potassium and renal function.,"Pregnancy, history of angioedema.",टेल्मिसार्टन
Telma 40,Telmisartan,Telmisartan,High blood pressure,Fatigue; Diarrhea,72.0,Glenmark,Avoid potassium supplements,40 mg,Tablet,False,H,adult,Avoid in pregnancy; monitor potassium and renal function.,"Pregnancy, history of angioedema.",टेल्मिसार्टन
Telma-AM,Telmisartan + Amlodipine,Telmisartan + Amlodipine,Hypertension combination,Dizziness; Swelling,115.0,Glenmark,Monitor BP regularly,Unknown,Tablet,False,H,adult,Avoid in pregnancy; monitor potassium and renal function.,"Pregnancy, history of angioedema.",
Telma-H 40/12.5,Telmisartan + HCTZ,Telmisartan + Hydrochlorothiazide,Hypertension combo,Dizziness; Electrolyte imbalance,95.0,Glenmark,Monitor BP and electrolytes,40 mg,Tablet,False,H,adult,Avoid in pregnancy; monitor potassium and renal function.,"Pregnancy, history of angioedema.",
Tenebite 20,Teneligliptin,Teneligliptin,Type 2 Diabetes,Headache; Hypoglycemia (with SU),165.0,Glenmark,Regular glucose monitoring,20 mg,Tablet,False,H,adult,Hold with contrast studies; avoid in severe renal impairment.,"Severe renal impairment, lactic acidosis risk.",
Sebifin 250,Terbinafine,Terbinafine,Fungal skin/nail infections,Taste disturbance; GI upset,165.0,Cipla,Liver monitoring for long use,250 mg,Tablet,False,H,adult,Consult your doctor; check for interactions.,Contraindications depend on patient condition; seek medical advice.,
Tiniba 500,Tinidazole,Tinidazole,Parasitic infections,Dizziness; Nausea,35.0,Cipla,Avoid alcohol for 72 hours,500 mg,Tablet,False,H,adult,Consult your doctor; check for interactions.,Contraindications depend on patient condition; seek medical advice.,
Tiova Inhaler,Tiotropium,Tiotropium,COPD maintenance,Dry mouth; Constipation,395.0,Cipla,Use daily as directed,Unknown,Inhaler,False,H,both,Consult your doctor; check for interactions.,Contraindications depend on patient condition; seek medical advice.,
Tramazac 50,Tramadol,Tramadol,Pain management,Dizziness; Dry mouth,62.0,Zydus Cadila,Use only as prescribed,50 mg,Tablet,False,H,adult,Consult your doctor; check for interactions.,Contraindications depend on patient condition; seek medical advice.,
Ultram 50,Tramadol,Tramadol,Moderate to severe pain,Drowsiness; Nausea; Constipation,68.0,Johnson & Johnson,May cause dependence,50 mg,Tablet,False,H,adult,Consult your doctor; check for interactions.,Contraindications depend on patient condition; seek medical advice.,
Galvus 50,Vildagliptin,Vildagliptin,Type 2 Diabetes,Headache; Dizziness,285.0,Novartis,Monitor liver function,50 mg,Tablet,False,H,adult,Hold with contrast studies; avoid in severe renal impairment.,"Severe renal impairment, lactic acidosis risk.",
Becosules,Vitamin B Complex + C,B Complex + C,Vitamin deficiency,Urine discoloration (harmless),32.0,Pfizer,Safe for long-term use,Unknown,Tablet,False,H,adult,Consult your doctor; check for interactions.,Contraindications depend on patient condition; seek medical advice.,
Celin 500,Vitamin C (Ascorbic Acid),Ascorbic Acid,Vitamin C supplement,Stomach upset (rare),28.0,GlaxoSmithKline,Do not exceed recommended dose,500 mg,Tablet,True,OTC,adult,Consult your doctor; check for interactions.,Contraindications depend on patient condition; seek medical advice.,
Evion 400,Vitamin E (Tocopherol),Tocopherol,Vitamin E deficiency,Nausea (rare),42.0,Merck,Avoid high doses with anticoagulants,400 mg,Tablet,False,H,adult,Consult your doctor; check for interactions.,Contraindications depend on patient condition; seek medical advice.,
Otrivin Nasal Drops,Xylometazoline,Xylometazoline,Nasal congestion,Rebound congestion (overuse),72.0,Novartis,Use max 3-5 days,Unknown,Drops,True,OTC,pediatric,Consult your doctor; check for interactions.,Contraindications depend on patient condition; seek medical advice.,
Zinc Tablet 50,Zinc Sulfate,Zinc Sulfate,Zinc deficiency,Nausea (if empty stomach),32.0,Generic,Take after meals,50 mg,Tablet,True,OTC,adult,Consult your doctor; check for interactions.,Contraindications depend on patient condition; seek medical advice.,
